<?xml version="1.0" encoding="UTF-8"?>
<project-private xmlns="http://www.netbeans.org/ns/project-private/1">
    <editor-bookmarks xmlns="http://www.netbeans.org/ns/editor-bookmarks/2" lastBookmarkId="0"/>
    <open-files xmlns="http://www.netbeans.org/ns/projectui-open-files/2">
        <group>
            <file>file:/C:/Users/l174189/Documents/NetBeansProjects/OOAD_Proj/src/ooad_proj/OOAD_Proj.java</file>
            <file>file:/C:/Users/l174189/Documents/NetBeansProjects/OOAD_Proj/src/ooad_proj/Order.java</file>
            <file>file:/C:/Users/l174189/Documents/NetBeansProjects/OOAD_Proj/src/ooad_proj/AdminFrame.java</file>
            <file>file:/C:/Users/l174189/Documents/NetBeansProjects/OOAD_Proj/src/ooad_proj/Restaurant.java</file>
            <file>file:/C:/Users/l174189/Documents/NetBeansProjects/OOAD_Proj/src/ooad_proj/MainFrame1.java</file>
            <file>file:/C:/Users/l174189/Documents/NetBeansProjects/OOAD_Proj/src/ooad_proj/dbConnectivity.java</file>
        </group>
    </open-files>
</project-private>
